trials,regions,participant,mean,std,max
trial07,arch,PPT_001,13.967699213195964,11.987870475122127,74.95723538664481
trial07,arch,PPT_004,15.334312604127563,11.67879860753468,40.09380246399129
trial07,arch,PPT_005,23.105244985932035,16.933404404615526,54.907577489126936
trial07,arch,PPT_007,3.4440903773994354,3.605885758117474,16.916840757915352
trial07,arch,PPT_008,12.88258119240006,10.986844759775815,48.66853185585204
trial07,arch,PPT_009,14.524578571042339,10.973468655498436,42.98586994910968
trial07,arch,PPT_010,13.113527282788521,9.112797452267289,54.86762487291331
trial07,arch,PPT_011,8.225997141543033,6.753970018516029,30.793803641523613
trial07,arch,PPT_013,12.098180032360961,10.7673272826292,37.82383752843559
trial07,arch,PPT_014,5.516995402797885,4.6619810010078,18.89624827522789
trial07,arch,PPT_015,8.945258564887089,6.476178494389909,33.18486394315532
trial07,arch,PPT_016,13.272014997671256,10.882913014921352,43.1267999243494
trial07,arch,PPT_017,14.572698255856315,9.854914155300017,42.19353436491268
trial07,arch,PPT_018,15.471567241808044,11.07832684244057,46.943262083745985
trial07,arch,PPT_019,24.076685690165622,20.276796947449675,78.29905751736601
trial07,arch,PPT_020,14.77634625809216,11.21975541436016,49.32333742995021
trial07,heel,PPT_001,42.39344956999552,41.964053850274844,138.38735473683099
trial07,heel,PPT_004,25.881794008187395,19.786722152801605,70.13600358358737
trial07,heel,PPT_005,26.12203335196357,20.773828025301516,73.05738062828455
trial07,heel,PPT_007,29.5918419289265,24.584828113885045,80.53827456255334
trial07,heel,PPT_008,43.62199445127466,31.89317678984821,117.87157934751254
trial07,heel,PPT_009,20.021905390981477,23.534329797188175,83.45477120310078
trial07,heel,PPT_010,64.71027916652369,43.8447388863516,173.8012856252664
trial07,heel,PPT_011,43.502832150381366,32.045630377231845,113.10300613629656
trial07,heel,PPT_013,40.61263054918705,32.78021573740608,114.3189682246981
trial07,heel,PPT_014,28.09404589215393,25.635305196946803,87.1026810314686
trial07,heel,PPT_015,33.74228534770218,26.921676999018537,100.16861190077265
trial07,heel,PPT_016,18.080804105967353,24.84221964918284,93.4133109044203
trial07,heel,PPT_017,45.66869256565532,34.431338829342536,116.62941281873627
trial07,heel,PPT_018,32.060798404094264,29.181562678388733,101.38505743984314
trial07,heel,PPT_019,26.191768020299182,24.94543139235947,93.81554418354213
trial07,heel,PPT_020,59.79542267216408,48.97682310412065,190.24810045268475
trial07,metatarsal,PPT_001,36.69528334586363,32.60971842685081,112.79314802224411
trial07,metatarsal,PPT_004,30.73685646854295,22.09986195787051,73.30724288418573
trial07,metatarsal,PPT_005,31.016043473216914,25.324110099233877,93.04221948552616
trial07,metatarsal,PPT_007,33.59267498805264,39.70764449261611,156.38014706855395
trial07,metatarsal,PPT_008,42.060495823422364,38.55797314382985,133.57768358961476
trial07,metatarsal,PPT_009,27.710173151082994,25.08471442276327,87.05528150858133
trial07,metatarsal,PPT_010,34.77102849135278,34.057243002577216,113.9284580248717
trial07,metatarsal,PPT_011,40.10598589945702,36.04516872554256,137.6816613511116
trial07,metatarsal,PPT_013,51.451481638425875,40.230482585753656,150.44087283565594
trial07,metatarsal,PPT_014,23.342315104333682,24.514915934398452,85.07065299988315
trial07,metatarsal,PPT_015,27.749271997557685,26.479121125263624,99.57136806654582
trial07,metatarsal,PPT_016,23.165093183225324,22.777953371642127,82.39937780080362
trial07,metatarsal,PPT_017,31.304935701355618,27.13552564413129,96.0097033648004
trial07,metatarsal,PPT_018,30.545760540855763,27.48430858027653,92.81449719091756
trial07,metatarsal,PPT_019,46.169990610580854,38.490883251864865,159.099932050176
trial07,metatarsal,PPT_020,31.579589605486238,37.2852680863506,152.6089771067196
trial07,toes,PPT_001,6.352082519785556,5.894730213705962,29.43461024214576
trial07,toes,PPT_004,10.77131481782718,11.4289296556378,46.60189725524415
trial07,toes,PPT_005,8.537635448775191,10.736014508596144,50.37260785569837
trial07,toes,PPT_007,10.162586205465532,12.251853135009439,61.811599678992266
trial07,toes,PPT_008,12.127131103584407,12.858638808996934,56.29496790645591
trial07,toes,PPT_009,8.828726567711687,8.770599821104636,38.03424009686343
trial07,toes,PPT_010,11.283614275290654,12.398116173839274,48.06938532611864
trial07,toes,PPT_011,7.432618283316519,8.723259912039905,39.38791858860279
trial07,toes,PPT_013,7.969027884663138,9.445119762540289,42.81415541503297
trial07,toes,PPT_014,4.723360401848093,5.392249377862053,23.98019790111031
trial07,toes,PPT_015,7.19114830179961,7.657570427521886,32.270331100649955
trial07,toes,PPT_016,8.568596679344623,9.652908054953043,48.887240823800084
trial07,toes,PPT_017,7.817366252948834,8.091337051473237,34.58575711460367
trial07,toes,PPT_018,8.201918677419108,9.51394211828272,37.92177964029157
trial07,toes,PPT_019,5.05185413722063,7.169763418669558,38.749705886231595
trial07,toes,PPT_020,14.9376141468565,17.010846795164706,89.6800605659965
trial08,arch,PPT_001,12.335109033121096,13.18731220598892,47.714597689944874
trial08,arch,PPT_004,11.852699122592542,12.087133523456822,43.78534734558499
trial08,arch,PPT_005,18.820112510127906,21.202806242181868,74.81815634857763
trial08,arch,PPT_007,3.6956762861400514,3.0722258208394617,11.641857629806333
trial08,arch,PPT_008,7.91129153459766,7.805924485317015,28.813850430953654
trial08,arch,PPT_009,8.512382698429683,9.133661442006906,55.433342457547475
trial08,arch,PPT_010,14.222238913533012,15.804568500793732,71.01713694950224
trial08,arch,PPT_011,7.683132882250327,7.67018266095318,39.92502446470962
trial08,arch,PPT_013,12.39777818600166,15.812280482345987,72.24176593002765
trial08,arch,PPT_014,4.1802684115534525,5.592100672741908,26.074433618415586
trial08,arch,PPT_015,4.71564061829672,4.6999057250325835,22.47418236344658
trial08,arch,PPT_016,5.98388189346561,6.144889980529447,26.36367012909734
trial08,arch,PPT_017,15.176395194029704,12.695175177729737,63.52330423894151
trial08,arch,PPT_018,12.638719690599007,9.436777243383004,41.379861777681604
trial08,arch,PPT_019,23.162560287692422,19.10701251745527,65.20956391299605
trial08,arch,PPT_020,12.354428742428547,11.47271366764167,52.34931834401348
trial08,heel,PPT_001,43.39119945176381,49.44254949336229,178.6861713457055
trial08,heel,PPT_004,49.09951082973133,36.164870921433454,108.18102204787223
trial08,heel,PPT_005,35.86755762961909,33.15857221867764,108.98688479320393
trial08,heel,PPT_007,42.45233628838335,32.34613906701793,104.39181565884329
trial08,heel,PPT_008,43.91308236215203,42.68452174085828,178.85107615328627
trial08,heel,PPT_009,21.35176206440011,28.094167115198776,91.51149737421645
trial08,heel,PPT_010,76.19697400236916,59.253703733110854,224.2988306037648
trial08,heel,PPT_011,44.94220977483896,36.78777495472527,127.38678128458918
trial08,heel,PPT_013,71.04863886863829,52.04762565907386,247.48872077797327
trial08,heel,PPT_014,15.472224466622102,25.919074102246153,100.01731114547808
trial08,heel,PPT_015,49.781501441269356,43.35956010141013,156.68258026978302
trial08,heel,PPT_016,20.224357558330382,36.14307933733479,125.96383012960479
trial08,heel,PPT_017,56.56104229731292,44.79633802413259,161.95574290626644
trial08,heel,PPT_018,28.399784160631842,30.605753318370432,118.1599429824526
trial08,heel,PPT_019,28.007606901610547,35.48742392344379,124.28649214412579
trial08,heel,PPT_020,72.903894996095,65.67717347854337,275.43296728602655
trial08,metatarsal,PPT_001,23.117812169040217,26.132709717778752,104.30563199895685
trial08,metatarsal,PPT_004,25.096408900427782,22.235099166251544,84.55143215621334
trial08,metatarsal,PPT_005,30.354873488612043,20.478567497899384,84.29859222666062
trial08,metatarsal,PPT_007,39.17157252487358,38.92256012494289,150.54598636759997
trial08,metatarsal,PPT_008,44.56243642497655,31.536436592254763,114.80778480287455
trial08,metatarsal,PPT_009,29.7404587579946,28.722483679770097,112.04090077633127
trial08,metatarsal,PPT_010,20.447276606010853,20.656211342266904,83.0850919247905
trial08,metatarsal,PPT_011,33.273967410559784,31.139136160708144,127.55153304000314
trial08,metatarsal,PPT_013,50.87583501900219,42.495518703649495,168.6737700325971
trial08,metatarsal,PPT_014,30.204746651355325,27.979470076231387,91.11028568482928
trial08,metatarsal,PPT_015,26.50562645211394,31.49954148061217,110.09288142667711
trial08,metatarsal,PPT_016,17.543124913861313,20.305097792081742,87.57918463061667
trial08,metatarsal,PPT_017,35.46904897626671,29.227158410088578,119.10454320705716
trial08,metatarsal,PPT_018,35.16205100209482,34.3758751788393,121.30815714814428
trial08,metatarsal,PPT_019,41.96566342920938,31.93967963291889,131.22014470513085
trial08,metatarsal,PPT_020,45.084448701660406,36.65400378259839,142.25586084689365
trial08,toes,PPT_001,12.24290498037963,11.020184787848535,38.22742439153368
trial08,toes,PPT_004,15.918834161026648,18.043011701875454,66.39348162042909
trial08,toes,PPT_005,13.910482607445052,14.488562460532558,63.02273533715847
trial08,toes,PPT_007,11.330952905936892,15.334208455993132,59.8484253531077
trial08,toes,PPT_008,16.042196238113355,15.022449287298459,65.62406835735926
trial08,toes,PPT_009,13.619525779052198,10.679292868999157,43.956617811411654
trial08,toes,PPT_010,28.914918874674193,24.753669228511335,88.60662311680643
trial08,toes,PPT_011,10.35448022894225,9.967999502069345,44.11815447679878
trial08,toes,PPT_013,16.656333323196016,13.741544645767789,54.957335111623394
trial08,toes,PPT_014,15.413884494687947,12.901530690014047,45.63541182292338
trial08,toes,PPT_015,12.457814736559385,13.646302703684038,50.98298622976479
trial08,toes,PPT_016,14.786246976400458,19.350092565150618,96.2801546751353
trial08,toes,PPT_017,13.673512055830981,10.861413527133733,47.045253978033514
trial08,toes,PPT_018,13.677042547849654,14.044315088803526,52.29858945431286
trial08,toes,PPT_019,5.282207418819563,7.619055876503461,37.050092693554625
trial08,toes,PPT_020,29.832908819582922,31.193680979075204,128.03291178625932
trial09,arch,PPT_001,12.43520575393899,10.612815353277636,43.474601782106575
trial09,arch,PPT_004,15.949811068956667,11.330660279039845,42.59045863391104
trial09,arch,PPT_005,24.834417469345752,16.841380306614877,54.102547713508756
trial09,arch,PPT_007,5.2744360295223744,6.1062498138927594,33.57201216691658
trial09,arch,PPT_008,17.281694248639067,14.644010875764588,86.67821063620593
trial09,arch,PPT_009,15.884355984147227,10.959196060661483,43.72648091516134
trial09,arch,PPT_010,15.676977796326069,11.063407495293568,43.626416587905226
trial09,arch,PPT_011,8.202457901440363,5.786973304020349,19.633576976176375
trial09,arch,PPT_013,17.64459096169893,16.248966483858847,94.12204179019484
trial09,arch,PPT_014,8.035457799952518,6.997103972824083,40.73369159985064
trial09,arch,PPT_015,10.381051455418664,7.7630000464716815,36.87207104795036
trial09,arch,PPT_016,10.783862694471775,9.813727665515811,39.62330639629376
trial09,arch,PPT_017,17.04702021582237,11.592552584806318,50.3701933741597
trial09,arch,PPT_018,14.462965752424227,10.353355555980745,41.064712933742136
trial09,arch,PPT_019,22.180609135492396,18.30257394099385,68.80990966188213
trial09,arch,PPT_020,21.675514277870306,17.00625936441084,130.22663611570417
trial09,heel,PPT_001,39.54640513639201,32.67342759542502,127.82543565912985
trial09,heel,PPT_004,25.295754215217194,16.17200461098652,72.4981280360952
trial09,heel,PPT_005,15.898308186400888,12.498496834824802,49.509162383985355
trial09,heel,PPT_007,32.802113932455235,23.239682748842522,81.66966773813512
trial09,heel,PPT_008,37.54769379144308,28.559801106998698,102.87181759845477
trial09,heel,PPT_009,25.114787762064395,21.072574363760026,67.70621212649884
trial09,heel,PPT_010,45.562849108745446,29.814816336018854,106.78009101211848
trial09,heel,PPT_011,42.9466672223759,29.946815137048638,106.23971066567792
trial09,heel,PPT_013,36.900382144560346,27.455914734014787,109.08312640853126
trial09,heel,PPT_014,24.784118861862666,18.57538456936628,66.26257383301264
trial09,heel,PPT_015,40.1240152374107,27.065780922204436,116.84261216892023
trial09,heel,PPT_016,16.445626888065902,21.187125348617766,68.64944690659351
trial09,heel,PPT_017,38.608309379172255,26.64948751883544,103.12465612276097
trial09,heel,PPT_018,32.34564904725871,24.033222354121246,82.03149531763198
trial09,heel,PPT_019,29.746669305385442,24.292251588754734,81.4622127495809
trial09,heel,PPT_020,46.59356744995849,37.94940916599236,165.2856711532475
trial09,metatarsal,PPT_001,23.46836176890367,21.58353489454993,85.25056123649118
trial09,metatarsal,PPT_004,18.63010189977837,15.080368260457815,63.366680467513724
trial09,metatarsal,PPT_005,20.384748400878323,17.859594580033345,68.23500014704251
trial09,metatarsal,PPT_007,31.507308290659275,37.481326520929166,129.32482273566774
trial09,metatarsal,PPT_008,34.63162065711101,32.489077608853435,126.32786904368743
trial09,metatarsal,PPT_009,25.762701537632886,21.52453599630215,72.25922040180431
trial09,metatarsal,PPT_010,29.809183917409303,27.51058012854659,91.0949380989721
trial09,metatarsal,PPT_011,37.14712359756486,34.83618255239655,131.1155420157057
trial09,metatarsal,PPT_013,42.23535503018595,32.87223051819678,125.4742413325727
trial09,metatarsal,PPT_014,20.958443755088908,18.98304247233923,69.84323053319568
trial09,metatarsal,PPT_015,25.114127284858373,26.52909375044581,110.43647160481518
trial09,metatarsal,PPT_016,14.862173510939803,18.084273924515937,72.67077529110047
trial09,metatarsal,PPT_017,23.9360803953589,23.886383528740044,83.99897410834323
trial09,metatarsal,PPT_018,26.92995597881134,24.4888465207753,85.56097633147569
trial09,metatarsal,PPT_019,35.60879141014443,31.401588082170257,113.20256751776307
trial09,metatarsal,PPT_020,22.334369094791533,24.57286349170058,115.64409286574279
trial09,toes,PPT_001,2.5258116192901343,2.0705915118901714,11.5925856357482
trial09,toes,PPT_004,5.841583627374508,6.322120489090119,33.14227018696169
trial09,toes,PPT_005,6.512921991150637,7.274521363446828,30.542297404219955
trial09,toes,PPT_007,11.847142289688476,11.999108782583713,50.92308006692575
trial09,toes,PPT_008,7.46369546398934,7.524996925228347,30.75992743057736
trial09,toes,PPT_009,5.63605826201028,5.930965381105276,29.18712101803962
trial09,toes,PPT_010,11.039532396649832,10.294102013824368,43.11393429685781
trial09,toes,PPT_011,5.152714740062917,5.461494596392682,24.903570595510114
trial09,toes,PPT_013,6.623857518260273,6.5427228801881006,33.54440425382707
trial09,toes,PPT_014,3.400994182359796,3.8762637083108107,20.950587974890976
trial09,toes,PPT_015,5.675764007216896,6.5841936205420994,30.258808511188402
trial09,toes,PPT_016,5.831083919627687,6.945879358432661,38.381900769036776
trial09,toes,PPT_017,5.537370388107998,5.467189099467403,26.748854778338156
trial09,toes,PPT_018,7.1725005987690444,7.596394301831921,31.914778562137535
trial09,toes,PPT_019,6.465358261409436,9.355494823189577,49.91879915054622
trial09,toes,PPT_020,13.295037636409365,11.116220039445162,58.822217715574766
trial13,arch,PPT_001,14.238453318509382,11.325537286090395,50.94537073396499
trial13,arch,PPT_004,7.67578665803172,7.145243379314612,30.910810258535754
trial13,arch,PPT_005,11.344104163898932,10.314549583667564,43.644809020771746
trial13,arch,PPT_007,3.6766837525321447,3.5061995580373915,18.63041829304993
trial13,arch,PPT_008,9.754460367924748,8.256193181231422,33.52149972330644
trial13,arch,PPT_009,8.667125214852247,6.993057782618968,34.476609194910566
trial13,arch,PPT_010,14.862849708992078,10.978774239943707,47.85775760305701
trial13,arch,PPT_013,12.580819730663702,15.078699451370111,64.01922350538857
trial13,arch,PPT_014,3.096800411135083,3.0138191796054907,15.200410098446104
trial13,arch,PPT_015,10.743214485771544,10.674987921368954,52.25778381217787
trial13,arch,PPT_018,11.255530559990358,8.941448027452328,40.84686210950766
trial13,arch,PPT_019,15.685485067034218,15.28198033661514,61.12832448782972
trial13,heel,PPT_001,35.45298659264239,33.60482246641988,126.10649895470496
trial13,heel,PPT_004,21.63053428054568,14.663094901196729,50.76472337172149
trial13,heel,PPT_005,16.65290001249822,14.705510712758052,57.94396866098762
trial13,heel,PPT_007,38.48451216169555,31.224951748553945,133.82616603085324
trial13,heel,PPT_008,46.60851061489358,34.93855207709195,133.93043590235263
trial13,heel,PPT_009,24.209642364728403,23.072351111292814,81.1972228993246
trial13,heel,PPT_010,46.729921674749754,31.196503012783797,118.4809998578815
trial13,heel,PPT_013,49.09042197604259,39.596492659280216,152.4382500084545
trial13,heel,PPT_014,16.310078670061404,15.707572025167522,55.52539515823808
trial13,heel,PPT_015,39.92399987168433,34.9814013260072,138.89703333373095
trial13,heel,PPT_018,29.504198859369893,25.549646164196172,81.80043577561726
trial13,heel,PPT_019,34.62332723417702,30.608859496134194,117.49237733460399
trial13,metatarsal,PPT_001,29.320685476838857,28.897348452306918,120.66364904453421
trial13,metatarsal,PPT_004,22.78417070529321,16.104024872292786,64.45493793260788
trial13,metatarsal,PPT_005,20.901281776567547,16.35368233869519,65.42372207653978
trial13,metatarsal,PPT_007,40.92766482084282,35.82199643537866,163.07115448694117
trial13,metatarsal,PPT_008,45.361881813864215,39.3421680540884,169.1177413623632
trial13,metatarsal,PPT_009,23.331707450810892,19.069001802253293,72.6470175439521
trial13,metatarsal,PPT_010,34.80899254106981,28.76637413904558,108.14418164127912
trial13,metatarsal,PPT_013,46.021342504400586,33.77580291943295,160.39315805700042
trial13,metatarsal,PPT_014,19.419090110310353,18.11506801199845,75.14295034902082
trial13,metatarsal,PPT_015,31.999196304472605,29.298569731725532,131.94722947666898
trial13,metatarsal,PPT_018,30.300672933552224,23.400253197316026,89.81329047297149
trial13,metatarsal,PPT_019,33.37132754236379,27.62618917267654,106.57777779320168
trial13,toes,PPT_001,5.93376674854132,5.744821497840646,38.611175811802326
trial13,toes,PPT_004,8.516409742753739,8.32820569207503,40.470332451914075
trial13,toes,PPT_005,8.574172138502092,8.840544791177367,37.92490930225832
trial13,toes,PPT_007,9.54168365312236,12.383631977069724,54.0309585289399
trial13,toes,PPT_008,10.118025283113239,10.235475289472522,45.5552469182274
trial13,toes,PPT_009,10.112171598417786,8.537999723751117,31.984113134976067
trial13,toes,PPT_010,10.01737050356129,9.226899613693222,48.40629054794253
trial13,toes,PPT_013,8.787992266370933,7.752469417185629,39.56179393053086
trial13,toes,PPT_014,5.356778702822845,5.47910210528434,25.373447207133772
trial13,toes,PPT_015,16.51524959686873,19.43113397265273,93.21855861181008
trial13,toes,PPT_018,6.554468971324781,6.73035893820013,34.29842558234072
trial13,toes,PPT_019,5.533398635300852,7.210231031825562,46.235291708802734
trial14,arch,PPT_001,25.76753146522084,16.20429020383632,82.11431562436847
trial14,arch,PPT_004,9.480515291508926,10.008471938498216,36.38867358544401
trial14,arch,PPT_005,18.39803889854425,16.889371245736545,90.00419715041673
trial14,arch,PPT_007,2.9056848140434397,4.5965551404776175,26.43916272522392
trial14,arch,PPT_008,17.656968756995973,12.364332505947514,57.93616571817125
trial14,arch,PPT_009,12.34960501939681,7.470960595660058,32.218015052023944
trial14,arch,PPT_010,15.532552665985191,13.625013787686827,59.49439377541111
trial14,arch,PPT_011,12.225817813399399,8.027575765043004,39.17029810431815
trial14,arch,PPT_013,17.7735254447604,12.573772129693767,84.86587311850863
trial14,arch,PPT_014,10.147346922007412,8.554635430013981,35.64892685226879
trial14,arch,PPT_015,10.078948643880041,9.375469899567918,43.6339513640269
trial14,arch,PPT_016,18.951925917690538,14.419052509405487,59.617616876983426
trial14,arch,PPT_017,13.72720219829021,13.016676324428548,70.47828404487066
trial14,arch,PPT_018,16.534592017966318,11.812382409754617,56.22761399998383
trial14,arch,PPT_019,20.387526519200698,17.683335868850644,80.34817948100044
trial14,arch,PPT_020,25.812835160968365,24.568236555661016,141.88754316889953
trial14,heel,PPT_001,14.270666232155746,16.395383848225794,131.9996022446055
trial14,heel,PPT_004,14.691786877565887,11.728678210567267,50.40832338315302
trial14,heel,PPT_005,3.460131083353228,4.323161526702209,16.675190719887755
trial14,heel,PPT_007,8.087648679193512,9.860211427725526,55.28104279105486
trial14,heel,PPT_008,22.768187584902545,21.71853267148506,93.15366958336247
trial14,heel,PPT_009,21.20005680786201,14.770946759228705,49.661513282945776
trial14,heel,PPT_010,3.739090646907706,3.447771749649675,10.488067517190862
trial14,heel,PPT_011,25.964184894950126,16.213857013643786,59.40066216517861
trial14,heel,PPT_013,24.455839064852384,24.889312111223138,115.14705102066141
trial14,heel,PPT_014,9.605898914467101,9.197476585890284,42.74906557885668
trial14,heel,PPT_015,21.075882776453014,19.483760189266608,115.35776812507592
trial14,heel,PPT_016,8.168485233170683,12.386699541378187,61.404732881068384
trial14,heel,PPT_017,18.89927850773837,19.421285018166255,85.40176497695698
trial14,heel,PPT_018,10.506006519357966,8.570563122464309,39.90617815762121
trial14,heel,PPT_019,9.556373421762084,8.42039837932328,30.662136781729387
trial14,heel,PPT_020,25.177059393379523,28.997764639335802,183.53820606287445
trial14,metatarsal,PPT_001,25.981767900733153,16.958278595995427,78.86940803972263
trial14,metatarsal,PPT_004,29.88168294757591,19.264833595621607,73.20385640198633
trial14,metatarsal,PPT_005,32.97587538431111,17.231582763590023,82.52056022468886
trial14,metatarsal,PPT_007,58.28035220864186,47.505178478701794,176.29998851147775
trial14,metatarsal,PPT_008,39.87919550043616,34.24626730013551,173.23043794755014
trial14,metatarsal,PPT_009,17.53635988019814,13.005683018801783,58.97230513137915
trial14,metatarsal,PPT_010,50.302379344428786,24.059180485062747,98.5280492604375
trial14,metatarsal,PPT_011,34.377141224290106,27.01127997622191,136.94823401684167
trial14,metatarsal,PPT_013,42.15017895127865,38.697794536529656,195.48261577665315
trial14,metatarsal,PPT_014,27.620375492968325,18.196728981330953,89.5820172376658
trial14,metatarsal,PPT_015,33.35820612270274,27.412423107326816,115.36871609874983
trial14,metatarsal,PPT_016,21.322153730957744,18.53415599307186,82.75902420041065
trial14,metatarsal,PPT_017,22.67441423925168,21.608131290072834,85.96909796003952
trial14,metatarsal,PPT_018,30.506013813509504,19.527997808174412,92.7417752689517
trial14,metatarsal,PPT_019,52.268641782308464,39.029106524375855,192.76207705746026
trial14,metatarsal,PPT_020,15.57305903943832,19.072044220884795,93.5418357933032
trial14,toes,PPT_001,4.942976699544758,4.686633592112827,28.083490379883585
trial14,toes,PPT_004,7.376128263560342,7.499489634035615,41.605243665511814
trial14,toes,PPT_005,9.971306724022156,10.004585979108636,43.91569701824454
trial14,toes,PPT_007,16.061969235353263,13.168535038633763,58.94612688868883
trial14,toes,PPT_008,6.795813059049179,7.875238744943507,39.30310256343444
trial14,toes,PPT_009,3.6908077316155894,4.348109658680567,19.847260701900318
trial14,toes,PPT_010,13.478875786918316,9.106512542660939,44.30076666134297
trial14,toes,PPT_011,3.990753841246662,4.672397737128723,25.29848653043442
trial14,toes,PPT_013,6.301043176285311,6.850036576396716,49.9045446010391
trial14,toes,PPT_014,4.196643184535629,3.700523550521244,18.395678813785572
trial14,toes,PPT_015,10.29459458172355,8.883841470832493,51.611067829422
trial14,toes,PPT_016,5.651984074641972,5.249655250874495,26.677357592016897
trial14,toes,PPT_017,5.57213597716129,5.136565520351015,25.174998225128046
trial14,toes,PPT_018,5.213494618597144,5.022265979887068,27.558944415705554
trial14,toes,PPT_019,3.0314013674804263,4.689430765142834,28.657583785695927
trial14,toes,PPT_020,7.2549950434479875,6.879118277542083,35.87131835632326
trial15,arch,PPT_001,25.866561180515617,30.042737197139342,109.58612689550475
trial15,arch,PPT_004,14.31577280868196,18.61307141398174,65.81965288883463
trial15,arch,PPT_005,12.294254722433033,14.500457727966912,63.55425131652716
trial15,arch,PPT_007,6.773799653511446,7.753430066689108,39.01304736517842
trial15,arch,PPT_008,26.1974300620274,26.578841017950303,110.2075447561699
trial15,arch,PPT_010,19.84117239185779,22.716849633335976,83.73605400699459
trial15,arch,PPT_011,12.499881199814919,13.76048625003126,60.32237778273228
trial15,arch,PPT_013,7.421925267344948,13.59561733295552,74.34239651422084
trial15,arch,PPT_014,4.684617168121453,7.26356029734086,33.71945950373285
trial15,arch,PPT_015,26.200640838039885,22.668519807937564,79.82832533830272
trial15,arch,PPT_016,16.497289472270154,18.941732890420976,81.3849822324946
trial15,arch,PPT_017,18.767589219578706,21.001001805907052,87.29295669418286
trial15,arch,PPT_018,22.593994896094383,24.186400517975578,103.05880662470435
trial15,arch,PPT_019,16.478500145023727,21.364596864411386,78.44542337191132
trial15,arch,PPT_020,32.40099654252602,26.53843203213498,96.4330396670095
trial15,heel,PPT_001,29.775040047448698,32.3786883855983,91.25559835594636
trial15,heel,PPT_004,16.859344390309065,17.039312733998287,90.69303084102103
trial15,heel,PPT_005,0.3956428420497304,0.3615166155456347,2.0914511063043992
trial15,heel,PPT_007,2.705931077639659,2.940109917463629,8.775155029432275
trial15,heel,PPT_008,36.99143093901808,37.416173759748645,188.41560958957444
trial15,heel,PPT_010,2.0426764998933837,1.4635026998847975,3.798210533394686
trial15,heel,PPT_011,31.34678338162468,27.61881121904547,107.2220756293598
trial15,heel,PPT_013,17.67883466237048,27.550467892923884,86.68005263154292
trial15,heel,PPT_014,7.186417297020654,14.06660207209189,73.78460710692227
trial15,heel,PPT_015,47.35181462748107,33.459895315758885,109.79412818150396
trial15,heel,PPT_016,17.418159215451272,25.911196834960872,97.16602548991126
trial15,heel,PPT_017,4.100773000035295,5.954092746337651,19.218413823646856
trial15,heel,PPT_018,21.59779856487214,23.673118526840625,98.97924762871159
trial15,heel,PPT_019,2.5069557708358734,2.1209252940566494,7.343561099548738
trial15,heel,PPT_020,55.07261665003064,49.601488752730056,197.536734515884
trial15,metatarsal,PPT_001,63.12615995954279,51.427170884005264,160.90379095338943
trial15,metatarsal,PPT_004,40.75101374859497,33.90187459069687,106.75003713127089
trial15,metatarsal,PPT_005,52.62525459858999,40.206224528232916,144.2777542168903
trial15,metatarsal,PPT_007,90.2595144116059,85.893337618121,249.58122548712467
trial15,metatarsal,PPT_008,62.888728665071284,61.10527091251498,228.56891018269815
trial15,metatarsal,PPT_010,67.33002495059705,55.44599777059452,190.71957066980184
trial15,metatarsal,PPT_011,50.88143003210804,47.410618645279484,187.27614902441306
trial15,metatarsal,PPT_013,132.4310634797041,104.39510081891727,362.86825701552954
trial15,metatarsal,PPT_014,41.99105623069542,38.64078694814367,147.40256715920395
trial15,metatarsal,PPT_015,49.333437599610875,49.62267194153569,161.1495392019041
trial15,metatarsal,PPT_016,23.346341754685152,24.959871936090757,117.81009887019611
trial15,metatarsal,PPT_017,74.17316661556252,56.839247226124876,183.3400368682316
trial15,metatarsal,PPT_018,60.819723842278904,45.913042163522725,159.19395960022652
trial15,metatarsal,PPT_019,67.15894365093104,48.293377019548586,158.6438677308206
trial15,metatarsal,PPT_020,47.83814149777988,45.27768018544101,200.74192458696416
trial15,toes,PPT_001,13.592885736900582,12.41076342169276,47.38245338585664
trial15,toes,PPT_004,24.068453596076726,14.919511866380462,54.839851991011756
trial15,toes,PPT_005,19.592815983633233,19.778408623364328,63.74282332695771
trial15,toes,PPT_007,18.27783277915821,15.966299781045143,54.71089470443832
trial15,toes,PPT_008,14.579200221350744,11.138952036446378,43.065530550777524
trial15,toes,PPT_010,20.781628600271468,17.115838442215754,71.3981502965651
trial15,toes,PPT_011,7.839383976121445,5.558735933993226,28.36979767856408
trial15,toes,PPT_013,17.64711027519403,13.724152647415616,53.32149667141059
trial15,toes,PPT_014,14.966637585401294,10.45282726419473,39.970623755089896
trial15,toes,PPT_015,30.1201088256296,27.160929882105474,95.21651506551882
trial15,toes,PPT_016,10.631404520768639,13.104899727357644,64.83453075613835
trial15,toes,PPT_017,23.891304593210947,22.142722270764366,76.44060634285024
trial15,toes,PPT_018,9.962809455164019,7.989916145468524,37.89583228368754
trial15,toes,PPT_019,20.471851609201998,20.65440976246726,73.78428541363058
trial15,toes,PPT_020,15.721887710064262,16.17778118075524,78.9788704492052
trial19,arch,PPT_001,18.173610243662125,13.144187258970858,58.47883101929688
trial19,arch,PPT_004,8.893791573099502,8.05171341493378,46.78868344391673
trial19,arch,PPT_005,17.622382261149284,11.948497522848491,48.215296199811625
trial19,arch,PPT_007,6.673756677800069,8.191380127912234,31.18015715553946
trial19,arch,PPT_008,20.458099910622337,16.878087534108378,101.67203858487181
trial19,arch,PPT_009,14.74397026891681,10.16921780405503,40.32797443386053
trial19,arch,PPT_010,18.879408255082463,15.810060001264015,77.47054396578025
trial19,arch,PPT_011,10.771111406954763,10.073806573573167,58.27152570626858
trial19,arch,PPT_013,15.425394870224398,13.652952909935678,73.3166883248547
trial19,arch,PPT_014,6.6419880164383525,5.931989151648913,27.451991333991888
trial19,arch,PPT_015,16.333094702056968,17.03555387625827,76.22956486576132
trial19,arch,PPT_016,12.910813538268636,9.962422101893175,40.00215978147511
trial19,arch,PPT_017,16.06874903773369,11.056813254271786,56.30029423312598
trial19,arch,PPT_018,17.49694565253084,11.405366852753888,44.29478394201549
trial19,arch,PPT_019,17.47564558375791,15.613559455600607,57.16330898046014
trial19,arch,PPT_020,23.252925444710716,22.53032615834363,117.09385677237982
trial19,heel,PPT_001,24.595649249415644,24.29872344092998,97.52802962634621
trial19,heel,PPT_004,14.901959550404754,10.84387850938873,37.77726544239886
trial19,heel,PPT_005,11.345608566669739,9.445267418987122,42.06148337987216
trial19,heel,PPT_007,30.72703079397441,24.988659761520818,88.23077868770658
trial19,heel,PPT_008,27.128206211527917,21.884527822324845,140.79699429026965
trial19,heel,PPT_009,17.328903995322108,13.016454786269186,53.94788181843321
trial19,heel,PPT_010,34.87970676336725,22.35962430787571,95.59738486282471
trial19,heel,PPT_011,27.697091656787336,19.93018306099349,88.92440219471965
trial19,heel,PPT_013,33.5960791301479,28.799227407253813,118.31100117143522
trial19,heel,PPT_014,18.46670705085318,14.836747994020673,59.23505720640977
trial19,heel,PPT_015,37.530410155701034,29.524213983063454,119.34087703919857
trial19,heel,PPT_016,20.567534517965054,17.67082266950497,62.66331906881617
trial19,heel,PPT_017,28.270644795641875,21.351283141274198,78.31724947990463
trial19,heel,PPT_018,25.21468763430401,20.017856878368192,69.91330346368906
trial19,heel,PPT_019,17.435398324666096,17.03992513177775,73.9853172830794
trial19,heel,PPT_020,39.933517879797456,28.82868615580149,128.49449311613074
trial19,metatarsal,PPT_001,22.152066964855223,21.707620064434593,94.35752039151843
trial19,metatarsal,PPT_004,21.075640766584165,16.228591175514847,57.20082564204012
trial19,metatarsal,PPT_005,17.335368438146695,15.796363386597838,61.047491081149616
trial19,metatarsal,PPT_007,23.241855043490144,24.266649433443373,90.11632978937682
trial19,metatarsal,PPT_008,25.68442356693222,24.553762255234837,115.81943746625247
trial19,metatarsal,PPT_009,18.85880235922471,14.203323447354103,62.94884688901513
trial19,metatarsal,PPT_010,27.54996597018443,27.136231447610367,116.31599190223045
trial19,metatarsal,PPT_011,31.94926313531749,29.71958846442973,140.3893316165072
trial19,metatarsal,PPT_013,38.77749784046529,30.994283933195526,127.21166011903284
trial19,metatarsal,PPT_014,18.429727820684814,15.102630757254454,56.84450594562115
trial19,metatarsal,PPT_015,22.571888087426007,24.622288981093376,102.58877721988718
trial19,metatarsal,PPT_016,14.109549622907466,16.31586297669703,77.33269835391445
trial19,metatarsal,PPT_017,28.416854730194437,22.85418383273672,93.27512891348579
trial19,metatarsal,PPT_018,21.112544321076644,19.726320019999466,76.87384449718274
trial19,metatarsal,PPT_019,23.665483732981993,22.526932445810484,97.554481129329
trial19,metatarsal,PPT_020,20.151154773204116,23.231965016782638,103.57511299917775
trial19,toes,PPT_001,3.8494191255050416,4.371617882029041,18.65263057452481
trial19,toes,PPT_004,8.241665064420848,8.23327803079542,39.88305622075097
trial19,toes,PPT_005,5.148027974242933,5.971712835107534,33.84938345956637
trial19,toes,PPT_007,6.762881476542385,7.754309306684819,46.9346392465896
trial19,toes,PPT_008,8.568774801241956,8.691160287421495,52.26234549113325
trial19,toes,PPT_009,3.7433884534518334,3.7329104974449425,19.94645268196064
trial19,toes,PPT_010,6.82230646668413,7.173669708285522,34.29906426285012
trial19,toes,PPT_011,5.98252757022807,6.6079566931980755,36.98201258855283
trial19,toes,PPT_013,6.958033303921701,6.754191401416043,31.853973655988177
trial19,toes,PPT_014,4.943073522500414,4.818791478378723,21.714871569208714
trial19,toes,PPT_015,9.97546695780556,11.306726862606684,54.4204011439426
trial19,toes,PPT_016,7.0281991494892555,7.691700307818075,39.16771317425361
trial19,toes,PPT_017,7.329399181665178,8.095347539652726,36.76703490162978
trial19,toes,PPT_018,4.590275208296857,5.430145938082706,26.568651642705966
trial19,toes,PPT_019,5.038578022899843,6.6158259393537024,31.86261410862301
trial19,toes,PPT_020,14.549797178919505,13.686836094187987,59.61827373317065
